{"cameraMode":{"drawMode":0,"name":"Shaded","section":"Shading Mode"},"sceneLighting":false,"audioPlay":false,"sceneViewState":{"showFog":true,"showMaterialUpdate":true,"showSkybox":false,"showFlares":true,"showImageEffects":true,"showParticleSystems":true},"in2DMode":false,"pivot":{"x":-11.0,"y":-5.588998794555664,"z":29.69999885559082},"rotation":{"x":0.0012076905695721508,"y":-0.9341059923171997,"z":0.00308285397477448,"w":0.35706448554992678},"size":43.718753814697269,"orthographic":false}