{"cameraMode":{"drawMode":0,"name":"Shaded","section":"Shading Mode"},"sceneLighting":false,"audioPlay":false,"sceneViewState":{"showFog":true,"showMaterialUpdate":true,"showSkybox":false,"showFlares":true,"showImageEffects":true,"showParticleSystems":true},"in2DMode":false,"pivot":{"x":-3.9531335830688478,"y":1.0739108324050904,"z":-3.44075608253479},"rotation":{"x":0.21372613310813905,"y":-0.27967849373817446,"z":0.06401219218969345,"w":0.9338129162788391},"size":3.1021385192871095,"orthographic":true}