{"cameraMode":{"drawMode":0,"name":"Shaded","section":"Shading Mode"},"sceneLighting":false,"audioPlay":false,"sceneViewState":{"showFog":true,"showMaterialUpdate":true,"showSkybox":false,"showFlares":true,"showImageEffects":true,"showParticleSystems":true},"in2DMode":false,"pivot":{"x":-13.299999237060547,"y":-4.259998321533203,"z":7.699998378753662},"rotation":{"x":0.0012076905695721508,"y":-0.9341059923171997,"z":0.00308285397477448,"w":0.35706448554992678},"size":56.40303039550781,"orthographic":false}