{"cameraMode":{"drawMode":0,"name":"Shaded","section":"Shading Mode"},"sceneLighting":true,"audioPlay":false,"sceneViewState":{"showFog":true,"showMaterialUpdate":true,"showSkybox":true,"showFlares":true,"showImageEffects":true,"showParticleSystems":true},"in2DMode":false,"pivot":{"x":-3.3613407611846926,"y":1.2373955249786378,"z":-4.686498641967773},"rotation":{"x":0.20265278220176698,"y":-0.27408546209335329,"z":0.06037529930472374,"w":0.9384799003601074},"size":18.510021209716798,"orthographic":true}