{"cameraMode":{"drawMode":0,"name":"Shaded","section":"Shading Mode"},"sceneLighting":false,"audioPlay":false,"sceneViewState":{"showFog":true,"showMaterialUpdate":true,"showSkybox":false,"showFlares":true,"showImageEffects":true,"showParticleSystems":true},"in2DMode":false,"pivot":{"x":-11.181979179382325,"y":-14.900096893310547,"z":20.270069122314454},"rotation":{"x":0.003561317687854171,"y":-0.9951003193855286,"z":0.09161541610956192,"w":0.03793705627322197},"size":1.7846637964248658,"orthographic":false}