{"cameraMode":{"drawMode":0,"name":"Shaded","section":"Shading Mode"},"sceneLighting":false,"audioPlay":false,"sceneViewState":{"showFog":true,"showMaterialUpdate":true,"showSkybox":false,"showFlares":true,"showImageEffects":true,"showParticleSystems":true},"in2DMode":false,"pivot":{"x":-16.5555419921875,"y":-23.2788143157959,"z":10.997611999511719},"rotation":{"x":0.10610880702733994,"y":-0.8927463889122009,"z":0.2837952673435211,"w":0.3335804343223572},"size":21.2736873626709,"orthographic":false}