{"cameraMode":{"drawMode":0,"name":"Shaded","section":"Shading Mode"},"sceneLighting":false,"audioPlay":false,"sceneViewState":{"showFog":true,"showMaterialUpdate":true,"showSkybox":false,"showFlares":true,"showImageEffects":true,"showParticleSystems":true},"in2DMode":false,"pivot":{"x":-15.439750671386719,"y":-6.163947105407715,"z":16.278404235839845},"rotation":{"x":0.003604079596698284,"y":-0.9926908612251282,"z":0.11698983609676361,"w":0.030397024005651475},"size":24.37912368774414,"orthographic":false}